<?xml version="1.0" encoding="UTF-8" ?>
<!DOCTYPE mapper
  PUBLIC "-//mybatis.org//DTD Mapper 3.0//EN"
  "http://mybatis.org/dtd/mybatis-3-mapper.dtd">
  <mapper namespace="cn.storm.mapper.ConfigQuestionSecondKindMapper">
  <resultMap type="ConfigQuestionSecondKind" id="MyConfigQuestionSecondKind">
  		<result property="qskId" column="qsk_id"/>
  		<result property="firstKindId" column="first_kind_id"/>
  		<result property="firstKindName" column="first_kind_name"/>
  		<result property="secondKindId" column="second_kind_id"/>
  		<result property="secondKindName" column="second_kind_name"/>
  </resultMap>
  
  		<insert id="saveConfigQuestionSecondKind" parameterType="ConfigQuestionSecondKind" >
  			insert into config_question_second_kind(qsk_id,first_kind_id,first_kind_name,second_kind_id,second_kind_name)
  			values (#{qskId},#{firstKindId},#{firstKindName},#{secondKindId},#{secondKindName})
  		</insert>
  		<select id="selectAllConfigQuestionSecondKind"  resultMap="MyConfigQuestionSecondKind">
  			select * from config_question_second_kind
  		</select>
  		<select id="selectConfigQuestionSecondKindByqskId" parameterType="_int"  resultMap="MyConfigQuestionSecondKind">
  			select * from config_question_second_kind where qsk_id = #{qskId}
  		</select>
  		<delete id="deleteConfigQuestionSecondKindByqskId" parameterType="_int">
  			delete from config_question_second_kind where  qsk_id = #{qskId}
  		</delete>
  		<update id="updateConfigQuestionSecondKind" parameterType="ConfigQuestionSecondKind">
  			update config_question_second_kind set 
	  			first_kind_id = #{firstKindId},
	  			first_kind_name = #{firstKindName},
	  			second_kind_id = #{secondKindId},
	  			second_kind_name = #{secondKindName},
  			where qsk_id = #{qskId}
  		</update>
  </mapper>