<?xml version="1.0" encoding="UTF-8" ?>
<!DOCTYPE mapper
  PUBLIC "-//mybatis.org//DTD Mapper 3.0//EN"
  "http://mybatis.org/dtd/mybatis-3-mapper.dtd">
  <mapper namespace="cn.storm.mapper.ConfigFileThirdKindMapper">
  <resultMap type="ConfigFileThirdKind" id="MyConfigFileThirdKind">
  		<result property="ftkId" column="ftk_id"/>
  		<result property="firstKindId" column="first_kind_id"/>
  		<result property="firstKindName" column="first_kind_name"/>
  		<result property="secondKindId" column="second_kind_id"/>
  		<result property="secondKindName" column="second_kind_name"/>
  		<result property="thirdKindId" column="third_kind_id"/>
  		<result property="thirdKindName" column="third_kind_name"/>
  		<result property="thirdKindSaleId" column="third_kind_sale_id"/>
  		<result property="thirdKindIsRetail" column="third_kind_is_retail"/>
  		
  </resultMap>
        <select id="selectMaxId" resultType="_int">
  		SELECT if(max(ftk_id) is null,1,max(ftk_id)+1) as newId FROM config_file_third_kind  
  		</select>
  		<insert id="saveConfigFileThirdKind" parameterType="ConfigFileThirdKind"  >
  			insert into config_file_third_kind(ftk_id,first_kind_id,first_kind_name,second_kind_id,second_kind_name
  			,third_kind_id,third_kind_name,third_kind_sale_id,third_kind_is_retail)
  			 
  			values (#{ftkId},#{firstKindId},#{firstKindName},#{secondKindId},#{secondKindName}
  			,#{thirdKindId},#{thirdKindName},#{thirdKindSaleId},#{thirdKindIsRetail})
  		</insert>
  		<select id="selectAllConfigFileThirdKind"  resultMap="MyConfigFileThirdKind">
  			select * from config_file_third_kind
  		</select>
  		<select id="selectConfigFileThirdKindByftkId" parameterType="_int"  resultMap="MyConfigFileThirdKind">
  			select * from config_file_third_kind where ftk_id = #{ftkId}
  		</select>
  		<delete id="deleteConfigFileThirdKindByftkId" parameterType="_int">
  			delete from config_file_third_kind where  ftk_id = #{ftkId}
  		</delete>
  		<update id="updateConfigFileThirdKind" parameterType="ConfigFileThirdKind">
  			update config_file_third_kind set 
	  			first_kind_id = #{firstKindId},first_kind_name =#{firstKindName},
	  			second_kind_id = #{secondKindId},second_kind_name = #{secondKindName},
	  			third_kind_id = #{thirdKindId},
	  			third_kind_name = #{thirdKindName},third_kind_sale_id = #{thirdKindSaleId},
	  			third_kind_is_retail = #{thirdKindIsRetail}
  			where ftk_id = #{ftkId}
  		</update>
  </mapper>