<?xml version="1.0" encoding="UTF-8" ?>
<!DOCTYPE mapper
  PUBLIC "-//mybatis.org//DTD Mapper 3.0//EN"
  "http://mybatis.org/dtd/mybatis-3-mapper.dtd">
  <mapper namespace="cn.storm.mapper.ConfigQuestionFirstKindMapper">
  <resultMap type="ConfigQuestionFirstKind" id="MyConfigQuestionFirstKind">
  		<result property="qfkId" column="qfk_id"/>
  		<result property="firstKindId" column="first_kind_id"/>
  		<result property="firstKindName" column="first_kind_name"/>
  </resultMap>
  
  		<insert id="saveConfigQuestionFirstKind" parameterType="ConfigQuestionFirstKind" >
  			insert into config_question_first_kind(qfk_id,first_kind_id,first_kind_name)
  			values (#{qfkId},#{firstKindId},#{firstKindName})
  		</insert>
  		<select id="selectAllConfigQuestionFirstKind"  resultMap="MyConfigQuestionFirstKind">
  			select * from config_question_first_kind
  		</select>
  		<select id="selectConfigQuestionFirstKindBypbcId" parameterType="_int"  resultMap="MyConfigQuestionFirstKind">
  			select * from config_question_first_kind where qfk_id = #{qfkId}
  		</select>
  		<delete id="deleteConfigQuestionFirstKindBypbcId" parameterType="_int">
  			delete from config_question_first_kind where  qfk_id = #{qfkId}
  		</delete>
  		<update id="updateConfigQuestionFirstKind" parameterType="ConfigQuestionFirstKind">
  			update config_question_first_kind set 
	  			first_kind_id = #{firstKindId},
	  			first_kind_name = #{firstKindName},
  			where qfk_id = #{qfkId}
  		</update>
  </mapper>