<?xml version="1.0" encoding="UTF-8" ?>
<!DOCTYPE mapper
  PUBLIC "-//mybatis.org//DTD Mapper 3.0//EN"
  "http://mybatis.org/dtd/mybatis-3-mapper.dtd">
  <mapper namespace="cn.storm.mapper.ConfigFileSecondKindMapper">
  		<resultMap type="ConfigFileSecondKind" id="myConfigFileSecondKind">
  			<result property="fskId" column="fsk_id"/>
  			<result property="firstKindId" column="first_kind_id"/>
  			<result property="firstKindName" column="first_kind_name"/>
  			<result property="secondKindId" column="second_kind_id"/>
  			<result property="secondKindName" column="second_kind_name"/>
  			<result property="secondSalaryId" column="second_salary_id"/>
  			<result property="secondSaleId" column="second_sale_id"/>
  		</resultMap>
        <select id="selectMaxId" resultType="_int">
  		SELECT if(max(fsk_id) is null,1,max(fsk_id)+1) as newId FROM config_file_second_kind  
  		</select>
  		<insert id="saveConfigFileSecondKind" parameterType="ConfigFileSecondKind" >
  			insert into config_file_second_kind(fsk_id,first_kind_id,first_kind_name,second_kind_id,
  			second_kind_name,second_salary_id,second_sale_id)
  			values (#{fskId},#{firstKindId},#{firstKindName},#{secondKindId},#{secondKindName},#{secondSalaryId},#{secondSaleId})
  		</insert>
  		<select id="selectAllConfigFileSecondKind" resultMap="myConfigFileSecondKind">
  			select * from config_file_second_kind
  		</select>
  		<select id="selectConfigFileSecondKindByfsk_id" parameterType="_int" resultMap="myConfigFileSecondKind">
  			select * from config_file_second_kind where fsk_id = #{id}
  		</select>
  		<delete id="deleteConfigFileSecondKindByfsk_id" parameterType="_int">
  			delete from config_file_second_kind where  fsk_id = #{id}
  		</delete>
  		<update id="updateConfigFileSecondKind" parameterType="ConfigFileSecondKind">
  			update config_file_second_kind set 
	  			first_kind_id = #{firstKindId},first_kind_name=#{firstKindName},second_kind_id=#{secondKindId},
	  			second_kind_name=#{secondKindName},second_salary_id=#{secondSalaryId},second_sale_id=#{secondSaleId}
  			where fsk_id = #{fskId}
  		</update>
  </mapper>
