<?xml version="1.0" encoding="UTF-8" ?>
<!DOCTYPE mapper
  PUBLIC "-//mybatis.org//DTD Mapper 3.0//EN"
  "http://mybatis.org/dtd/mybatis-3-mapper.dtd">
  <mapper namespace="cn.storm.mapper.EngageMajorReleaseMapper">
  
  <resultMap type="EngageMajorRelease" id="myEngageMajorRelease">
  	<result property="mreId" column="mre_id"/>
	<result property="firstKindId" column="first_kind_id"/>
	<result property="firstKindName" column="first_kind_name"/>
	<result property="secondKindId" column="second_kind_id"/>
	<result property="secondKindName" column="second_kind_name"/>
	<result property="thirdKindId" column="third_kind_id"/>
	<result property="thirdKindName" column="third_kind_name"/>
	<result property="majorKindId" column="major_kind_id"/>
	<result property="majorKindName" column="major_kind_name"/>
	<result property="majorId" column="major_id"/>
	<result property="majorName" column="major_name"/>
	<result property="humanAmount" column="human_amount"/>
	<result property="engageType" column="engage_type"/>
	<result property="deadline" column="deadline"/>
	<result property="register" column="register"/>
	<result property="changer" column="changer"/>
	<result property="registTime" column="regist_time"/>
	<result property="changeTime" column="change_time"/>
	<result property="majorDescribe" column="major_describe"/>
	<result property="engageRequired" column="engage_required"/>
	  	
  	
  </resultMap>
  
  		<insert id="saveEngageMajorRelease" parameterType="EngageMajorRelease">
  			insert into engage_major_release(first_kind_id,first_kind_name,second_kind_id,second_kind_name,third_kind_id,third_kind_name,major_kind_id,major_kind_name,major_id,major_name,human_amount,engage_type,deadline,register,changer,regist_time,change_time,major_describe,engage_required) 
  			values (#{ firstKindId},#{ firstKindName},#{ secondKindId},#{ secondKindName},#{ thirdKindId},#{ thirdKindName},#{ majorKindId},#{ majorKindName},#{ majorId},#{ majorName},#{ humanAmount},#{ engageType},#{ deadline},#{ register},#{ changer},#{ registTime},#{ changeTime},#{ majorDescribe},#{ engageRequired})
  		</insert>
  		<select id="selectAllEngageMajorRelease" resultMap="myEngageMajorRelease">
  			select * from engage_major_release
  		</select>
  		<select id="selectEngageMajorReleaseBymreid" parameterType="_int" resultMap="myEngageMajorRelease">
  			select * from engage_major_release where mre_id = #{id}
  		</select>
  		<delete id="deleteEngageMajorReleaseBymreid" parameterType="_int">
  			delete from engage_major_release where  mre_id = #{id}
  		</delete>
  		<update id="updateEngageMajorRelease" parameterType="EngageMajorRelease">
  			update engage_major_release set  
			  first_kind_id=#{firstKindId},first_kind_name=#{firstKindName},
			  second_kind_id=#{secondKindId},second_kind_name=#{secondKindName},
			  third_kind_id=#{thirdKindId},third_kind_name=#{thirdKindName},
			  major_kind_id=#{majorKindId},major_kind_name=#{majorKindName},
			  major_id=#{majorId},major_name=#{majorName},human_amount=#{humanAmount},
			  engage_type=#{engageType},deadline=#{deadline},register=#{register},
			  changer=#{changer},regist_time=#{registTime},change_time=#{changeTime},
			  major_describe=#{majorDescribe},engage_required=#{engageRequired}
	  where   mre_id=#{mreId}
  		</update>
  </mapper>
