<?xml version="1.0" encoding="UTF-8" ?>
<!DOCTYPE mapper
  PUBLIC "-//mybatis.org//DTD Mapper 3.0//EN"
  "http://mybatis.org/dtd/mybatis-3-mapper.dtd">
  <mapper namespace="cn.storm.mapper.EngageExamDetailsMapper">
  		<resultMap type="EngageExamDetails" id="myEngageExamDetails"> 
  			<result property="exdId" column="exd_id"/>
  			<result property="examNumber" column="exam_number"/>
  			<result property="firstKindId" column="first_kind_id"/>
  			<result property="firstKindName" column="first_kind_name"/>
  			<result property="secondKindId" column="second_kind_id"/>
  			<result property="secondKindName" column="second_kind_name"/>
  			<result property="questionAmount" column="question_amount"/>
  		</resultMap>
  
  		<insert id="saveEngageExamDetails" parameterType="EngageExamDetails" >
  			insert into engage_exam_details(exd_id,exam_number,first_kind_id,first_kind_name,second_kind_id,second_kind_name,question_amount)
  			values (#{exdId},#{examNumber},#{firstKindId},#{firstKindName},#{secondKindId},#{secondKindName},#{questionAmount})
  		</insert>
  		<select id="selectAllEngageExamDetails" resultMap="myEngageExamDetails">
  			select * from engage_exam_details
  		</select>
  		<select id="selectEngageExamDetailsByexa_id" parameterType="_int" resultMap="myEngageExamDetails">
  			select * from engage_exam_details where exd_id = #{id}
  		</select>
  		<delete id="deleteEngageExamDetailsByexa_id" parameterType="_int">
  			delete from engage_exam_details where  exd_id = #{id}
  		</delete>
  		<update id="updateEngageExamDetails" parameterType="EngageExamDetails">
  			update engage_exam_details set 
	  			exam_number = #{examNumber},first_kind_id=#{firstKindId},first_kind_name=#{firstKindName},
	  			second_kind_id=#{secondKindId},second_kind_name=#{secondKindName},question_amount=#{questionAmount}
  			where exd_id = #{exdId}
  		</update>
  </mapper>