<?xml version="1.0" encoding="UTF-8" ?>
<!DOCTYPE mapper
  PUBLIC "-//mybatis.org//DTD Mapper 3.0//EN"
  "http://mybatis.org/dtd/mybatis-3-mapper.dtd">
  <mapper namespace="cn.storm.mapper.SalaryGrantDetailsMapper">
  <resultMap type="SalaryGrantDetails" id="mySalaryGrantDetails">
  <result property="grdId" column="grd_id"/>
  <result property="salaryGrantId" column="salary_grant_id"/>
  <result property="humanId" column="human_id"/>
  <result property="humanName" column="human_name"/>
  <result property="bounsSum" column="bouns_sum"/>
  <result property="saleSum" column="sale_sum"/>
  <result property="deductSum" column="deduct_sum"/>
  <result property="salaryStandardSum" column="salary_standard_sum"/>
<result property="salaryPaidSum" column="salary_paid_sum"/>
  </resultMap>
  
  <resultMap id="SUMmap" type="java.util.Map">
     <result property="humanall" column="humanall"/>
     <result property="salaryall" column="salaryall"/>
     <result property="salarypall" column="salarypall"/>
   
  </resultMap>

  	
	<select id="Bysalary_grant_id" parameterType="_int" resultMap="mySalaryGrantDetails">
		SELECT * from salary_grant_details  where salary_grant_id=#{id}
	</select>
  		<insert id="saveSalaryGrantDetails" parameterType="SalaryGrantDetails">
  			insert into salary_grant_details(grd_id,salary_grant_id,human_id,human_name,bouns_sum,sale_sum,deduct_sum,salary_standard_sum,salary_paid_sum) 
  			values (#{grdId},#{salaryGrantId},#{humanId},#{humanName},#{bounsSum},#{saleSum},#{deductSum},#{salaryStandardSum},#{salaryPaidSum})
  		</insert>
  		<select id="selectAllSalaryGrantDetails" resultMap="mySalaryGrantDetails">
  			select * from salary_grant_details
  		</select>
  		<select id="selectSalaryGrantDetailsByid" parameterType="_int" resultMap="mySalaryGrantDetails">
  			select * from salary_grant_details where grd_id = #{id}
  		</select>
  		<delete id="deleteSalaryGrantDetailsByid" parameterType="_int">
  			delete from salary_grant_details where  grd_id= #{id}
  		</delete>
  		<update id="updateSalaryGrantDetails" parameterType="SalaryStandardDetails">
  			update salary_grant_details set salary_grant_id=#{salaryGrantId},human_id=#{humanId},human_name=#{humanName},bouns_sum=#{bounsSum},sale_sum=#{saleSum},deduct_sum=#{deductSum},salary_standard_sum=#{salaryStandardSum},salary_paid_sum=#{salaryPaidSum}
  			where grd_id= #{grdId} 
  		</update>
  </mapper>