<?xml version="1.0" encoding="UTF-8" ?>
<!DOCTYPE mapper
  PUBLIC "-//mybatis.org//DTD Mapper 3.0//EN"
  "http://mybatis.org/dtd/mybatis-3-mapper.dtd">
  <mapper namespace="cn.storm.mapper.TrainingMapper">
  
  <resultMap type="Training" id="myTraining">
  <result property="traId" column="tra_id"/>
  <result property="majorKindId" column="major_kind_id"/>
  <result property="majorKindName" column="major_kind_name"/>
  <result property="majorId" column="major_id"/>
  <result property="majorName" column="major_name"/>
  <result property="humanId" column="human_id"/>
  <result property="humanName" column="human_name"/>
  <result property="trainingItem" column="training_item"/>
  <result property="trainingTime" column="training_time"/>
  <result property="trainingHour" column="training_hour"/>
  <result property="trainingDegree" column="training_degree"/>
  <result property="register" column="register"/>
  <result property="checker" column="checker"/>
  <result property="registTime" column="regist_time"/>
  <result property="checkTime" column="check_time"/>
  <result property="checkstatus" column="checkstatus"/>
  <result property="remark" column="remark"/>
  </resultMap>
  		<insert id="saveTraining" parameterType="Training">
  			insert into training(tra_id,major_kind_id,major_kind_name,major_id,major_name,human_id,human_name,training_item,training_time,training_hour,training_degree,register,checker,regist_time,check_time,checkstatus,remark) 
  			values (#{traId},#{majorKindId},#{majorKindName},#{majorId},#{majorName},#{humanId},#{humanName},#{trainingItem},#{trainingTime},#{trainingHour},#{trainingDegree},#{register},#{checker},#{registTime},#{checkTime},#{checkstatus},#{remark})
  		</insert>
  		<select id="selectAllTraining" resultMap="myTraining">
  			select * from training
  		</select>
  		<select id="selectTrainingByTid" parameterType="_int" resultMap="myTraining">
  			select * from training where tra_id = #{id}
  		</select>
  		<delete id="deleteTrainingByTid" parameterType="_int">
  			delete from training where  tra_id = #{id}
  		</delete>
  		<update id="updateTraining" parameterType="Training">
  			update training set major_kind_id=#{majorKindId},major_kind_name=#{majorKindName},major_id=#{majorId},major_name=#{majorName},human_id=#{humanId},human_name=#{humanName},training_item=#{trainingItem},training_time=#{trainingTime},training_hour=#{trainingHour},training_degree=#{trainingDegree},register=#{register},checker=#{checker},regist_time=#{registTime},check_time=#{checkTime},checkstatus=#{checkstatus},remark=#{remark}
  			where tra_id= #{traId}
  		</update>
  </mapper>