<?xml version="1.0" encoding="UTF-8" ?>
<!DOCTYPE mapper
  PUBLIC "-//mybatis.org//DTD Mapper 3.0//EN"
  "http://mybatis.org/dtd/mybatis-3-mapper.dtd">
  <mapper namespace="cn.storm.mapper.BonusMapper">
  		<resultMap type="Bonus" id="myBonus">
  			<result property="bonId" column="bon_id"/>
  			<result property="majorKindId" column="major_kind_id"/>
  			<result property="majorKindName" column="major_kind_name"/>
  			<result property="majorId" column="major_id"/>
  			<result property="majorName" column="major_name"/>
  			<result property="humanId" column="human_id"/>
  			<result property="humanName" column="human_name"/>
  			<result property="bonusItems" column="bonus_item"/>
  			<result property="bonusWorth" column="bonus_worth"/>
  			<result property="bonusDegree" column="bonus_degree"/>
  			<result property="remark" column="remark"/>
  			<result property="register" column="register"/>
  			<result property="checker" column="checker"/>
  			<result property="registTime" column="regist_time"/>
  			<result property="checkTime" column="check_time"/>
  			<result property="checkStatus" column="check_status"/>
  		</resultMap>
  
  		<insert id="saveBonus" parameterType="Bonus" >
  			insert into bonus(bon_id,major_kind_id,major_kind_name,major_id,major_name
  			,human_id,human_name,bonus_item,bonus_worth,bonus_degree,remark,register,checker
  			,regist_time,check_time,check_status)
  			 
  			values (#{bonId},#{majorKindId},#{majorKindName},#{majorId},#{majorName},#{humanId},
  				#{humanName},#{bonusItem},#{bonusWorth},#{bonusDegree},#{remark},#{register},#{checker},
  				#{registTime},#{checkTime},#{checkStatus}
  			)
  		</insert>
  		<select id="selectAllBonus" resultMap="myBonus">
  			select * from bonus
  		</select>
  		<select id="selectBonusBybonId" parameterType="_int" resultMap="myBonus">
  			select * from bonus where bon_id = #{id}
  		</select>
  		<delete id="deleteBonusBybonId" parameterType="_int">
  			delete from bonus where  bon_id = #{id}
  		</delete>
  		<update id="updateBonus" parameterType="Bonus">
  			update bonus set 
	  			major_kind_id = #{majorKindId},major_kind_name =#{majorKindName},
	  			major_id = #{majorId},major_name = #{majorName},human_id = #{humanId},
	  			human_name =#{humanName},bonus_item = #{bonusItem},
	  			bonus_worth = #{bonusWorth},bonus_degree = #{bonusDegree},
	  			remark = #{remark},register = #{register},
	  			checker = #{checker},regist_time = #{registTime},
	  			check_time = #{checkTime},check_status = #{checkStatus}
  			where bon_id = #{bonId}
  		</update>
  </mapper>
