<?xml version="1.0" encoding="UTF-8" ?>
<!DOCTYPE mapper
  PUBLIC "-//mybatis.org//DTD Mapper 3.0//EN"
  "http://mybatis.org/dtd/mybatis-3-mapper.dtd">
  
  <mapper namespace="cn.storm.mapper.ConfigFileFirstKindMapper">
  
  		<resultMap type="ConfigFileFirstKind" id="myConfigFileFirstKind">
  		
  			<result property="ffkId" column="ffk_id"/>
  			
  			<result property="firstKindId" column="first_kind_id"/>
  			
  			<result property="firstKindName" column="first_kind_name"/>
  			
  			<result property="firstKindSalaryId" column="first_kind_salary_id"/>
  			
  			<result property="firstKindSaleId" column="first_kind_sala_id"/>
  			
  		</resultMap>
  
  		<insert id="saveConfigFileFirstKind" parameterType="ConfigFileFirstKind" >
  		
  			insert into config_file_first_kind(ffk_id,first_kind_id,first_kind_name,
  			first_kind_salary_id,first_kind_sala_id)
  			values (#{bonId},#{firstKindId},#{firstKindName},#{firstKindSalaryId},#{firstKindSaleId})
  		</insert>
  		<select id="selectAllConfigFileFirstKind" resultMap="myConfigFileFirstKind">
  			select * from config_file_first_kind
  		</select>
  		<select id="selectConfigFileFirstKindByffk_id" parameterType="_int" resultMap="myConfigFileFirstKind">
  			select * from config_file_first_kind where ffk_id = #{id}
  		</select>
  		<delete id="deleteConfigFileFirstKindByffk_id" parameterType="_int">
  			delete from config_file_first_kind where  ffk_id = #{id}
  		</delete>
  		<update id="updateConfigFileFirstKind" parameterType="ConfigFileFirstKind">
  			update config_file_first_kind set 
	  			first_kind_id = #{firstKindId},first_kind_name=#{firstKindName},first_kind_salary_id=#{firstKindSalaryId},first_kind_sala_id=#{firstKindSaleId}
  			where ffk_id = #{ffkId}
  		</update>

  </mapper>
