<?xml version="1.0" encoding="UTF-8" ?>
<!DOCTYPE mapper
  PUBLIC "-//mybatis.org//DTD Mapper 3.0//EN"
  "http://mybatis.org/dtd/mybatis-3-mapper.dtd">
  <mapper namespace="cn.storm.mapper.EngageInterviewMapper">
  <resultMap type="EngageInterview" id="MyEngageInterview">
  		<result property="	einId" column=" ein_id"/> 
<result property="	humanName" column=" human_name"/> 
<result property="	interviewAmount" column=" interview_amount"/> 
<result property="	humanMajorKindId" column=" human_major_kind_id"/> 
<result property="	humanMajorKindName" column=" human_major_kind_name"/> 
<result property="	humanMajorId" column=" human_major_id"/> 
<result property="	humanMajorName" column=" human_major_name"/> 
<result property="	imageDegree" column=" image_degree"/> 
<result property="	nativeLanguageDegree" column=" native_language_degree"/> 
<result property="	foreignLanguageDegree" column=" foreign_language_degree"/> 
<result property="	responseSpeedDegree" column=" response_speed_degree"/> 
<result property="	eqDegree" column=" EQ_degree"/> 
<result property="	iqDegree" column=" IQ_degree"/> 
<result property="	multiQualityDegree" column=" multi_quality_degree"/> 
<result property="	register" column=" register"/> 
<result property="	checker" column=" checker"/> 
<result property="	registeTime" column=" registe_time"/> 
<result property="	checkTime" column=" check_time"/> 
<result property="	resumeId" column=" resume_id"/> 
<result property="	result" column=" result"/> 
<result property="	interviewComment" column=" interview_comment"/> 
<result property="	checkComment" column=" check_comment"/> 
<result property="	interviewStatus" column=" interview_status"/> 
<result property="	checkStatus" column=" check_status"/> 
  </resultMap>
  
  		<insert id="saveEngageInterview" parameterType="EngageInterview" >
  			insert into engage_interview(ein_id,human_name,interview_amount
  			,human_major_kind_id,human_major_kind_name,human_major_id,human_major_name
  			,image_degree,native_language_degree,foreign_language_degree,
  			response_speed_degree,EQ_degree,IQ_degree,multi_quality_degree,
  			register,checker,registe_time,check_time,resume_id,result,
  			interview_comment,check_comment,interview_status,check_status)
  			values (#{pbcId},#{attributeKind},#{attributeName})
  		</insert>
  		<select id="selectAllEngageInterview"  resultMap="MyEngageInterview">
  			select * from engage_interview
  		</select>
  		<select id="selectEngageInterviewByeinId" parameterType="_int"  resultMap="MyEngageInterview">
  			select * from engage_interview where ein_id = #{einId}
  		</select>
  		<delete id="deleteEngageInterviewByeinId" parameterType="_int">
  			delete from engage_interview where  ein_id = #{einId}
  		</delete>
  		<update id="updateEngageInterview" parameterType="EngageInterview">
  			update engage_interview set 
	  			human_name = #{attributeKind},
	  			interview_amount = #{attributeName},human_major_kind_id = #{attributeName},
	  			human_major_kind_name = #{attributeName},human_major_id = #{attributeName},
	  			human_major_name = #{attributeName},image_degree = #{attributeName},
	  			native_language_degree = #{attributeName},foreign_language_degree = #{attributeName},
	  			response_speed_degree = #{attributeName},EQ_degree = #{attributeName},
	  			IQ_degree = #{attributeName},multi_quality_degree = #{attributeName},
	  			register = #{attributeName},checker = #{attributeName},
	  			registe_time = #{attributeName},check_time = #{attributeName},
	  			resume_id = #{attributeName},result = #{attributeName},
	  			interview_comment = #{attributeName},check_comment = #{attributeName},
	  			interview_status = #{attributeName},check_status = #{attributeName},
  			where ein_id = #{einId}
  		</update>
  </mapper>