<?xml version="1.0" encoding="UTF-8" ?>
<!DOCTYPE mapper
  PUBLIC "-//mybatis.org//DTD Mapper 3.0//EN"
  "http://mybatis.org/dtd/mybatis-3-mapper.dtd">
  <mapper namespace="cn.storm.mapper.MajorChangeMapper">
  
  <resultMap type="MajorChange" id="myMajorChange">
  <result property="mchId" column="mch_id"/>
  <result property="firstKindId" column="first_kind_id"/>
  <result property="firstKindName" column="first_kind_name" />
  <result property="secondKindId" column="second_kind_id"/>
  <result property="secondKindName" column="second_kind_name"/>
  <result property="thirdKindId" column="third_kind_id"/>
  <result property="thirdKindName" column="third_kind_name"/>
  <result property="majorKindId" column="major_kind_id"/>
  <result property="majorKindName" column="major_kind_name"/>
  <result property="majorId" column="major_id"/>
  <result property="majorName" column="major_name"/>
  <result property="newFirstKindId" column="new_first_kind_id"/>
  <result property="newFirstKindName" column="new_first_kind_name"/>
  <result property="newSecondKindId" column="new_second_kind_id"/>
  <result property="newSecondKindName" column="new_second_kind_name"/>
  <result property="newThirdKindId" column="new_third_kind_id"/>
  <result property="newThirdKindName" column="new_third_kind_name"/>
  <result property="newMajorKindId" column="new_major_kind_id"/>
  <result property="newMajorKindName" column="new_major_kind_name"/>
  <result property="newMajorId" column="new_major_id"/>
  <result property="newMajorName" column="new_major_name"/>
  <result property="humanId" column="human_id"/>
  <result property="humanName" column="human_name"/>
  <result property="salaryStandardId" column="salary_standard_id"/>
  <result property="salaryStandardName" column="salary_standard_name"/>
  <result property="salarySum" column="salary_sum"/>
  <result property="newSalaryStandardId" column="new_salary_standard_id"/>
  <result property="newSalaryStandardName" column="new_salary_standard_name"/>
  <result property="newSalarySum" column="new_salary_sum"/>
  <result property="changeReason" column="change_reason"/>
  <result property="checkReason" column="check_reason"/>
  <result property="checkStatus" column="check_status"/>
  <result property="register" column="register"/>
  <result property="checker" column="checker"/>
  <result property="registTime" column="regist_time"/>
  <result property="checkTime" column="check_time"/>

  </resultMap>
  
  		<insert id="saveMajorChange" parameterType="MajorChange">
  			insert into major_change(first_kind_id,first_kind_name,second_kind_id,second_kind_name,third_kind_id,third_kind_name,major_kind_id,major_kind_name,major_id,major_name,new_first_kind_id,new_first_kind_name,new_second_kind_id,new_second_kind_name,new_third_kind_id,new_third_kind_name,new_major_kind_id,new_major_kind_name,new_major_id,new_major_name,human_id,human_name,salary_standard_id,salary_standard_name,salary_sum,new_salary_standard_id,new_salary_standard_name,new_salary_sum,change_reason,check_reason,check_status,register,checker,regist_time,check_time) 
  			values (#{firstKindId},#{firstKindName},#{secondKindId},#{secondKindName},#{thirdKindId},#{thirdKindName},#{majorKindId}, #{majorKindName},#{ majorId},#{ majorName},#{ newFirstKindId},#{ newFirstKindName},#{ newSecondKindId},#{ newSecondKindName},#{ newThirdKindId},#{ newThirdKindName},#{ newMajorKindId},#{ newMajorKindName},#{ newMajorId},#{ newMajorName},#{ humanId},#{ humanName},#{ salaryStandardId},#{ salaryStandardName},#{ salarySum},#{ newSalaryStandardId},#{ newSalaryStandardName},#{ newSalarySum},#{ changeReason},#{ checkReason},#{ checkStatus},#{ register},#{ checker},#{ registTime},#{ checkTime})
  		</insert>
  		<select id="selectAllMajorChange" resultMap="myMajorChange">
  			select * from major_change
  		</select>
  		<select id="selectMajorChangeByMchId" parameterType="_int" resultMap="myMajorChange">
  			select * from major_change where mch_id = #{id}
  		</select>
  		<delete id="deleteMajorChangeByMchId" parameterType="_int">
  			delete from major_change where  mch_id = #{id}
  		</delete>
  		<update id="updateMajorChange" parameterType="MajorChange">
  			update major_change set first_kind_id = #{ firstKindId},first_kind_name =#{firstKindName} ,
	  			second_kind_id = #{secondKindId},second_kind_name = #{secondKindName},
	  			third_kind_id = #{thirdKindId},third_kind_name =#{thirdKindName} ,major_kind_id =#{majorKindId} ,
	  			major_kind_name =#{majorKindName} ,major_id =#{ majorId} ,major_name = #{ majorName},
	  			new_first_kind_id =#{ newFirstKindId} ,new_first_kind_name = #{ newFirstKindName},new_second_kind_id = #{ newSecondKindId},
	  			new_second_kind_name =#{ newSecondKindName} ,new_third_kind_id =#{ newThirdKindId} ,new_third_kind_name = #{ newThirdKindName},
	  			new_major_kind_id =#{ newMajorKindId} ,new_major_kind_name =#{ newMajorKindName} ,new_major_id = #{ newMajorId},new_major_name =#{ newMajorName} ,
	  			human_id = #{ humanId},human_name =#{ humanName} ,salary_standard_id = #{ salaryStandardId},salary_standard_name = #{ salaryStandardName},
	  			salary_sum = #{ salarySum},new_salary_standard_id =#{ newSalaryStandardId} ,new_salary_standard_name =#{ newSalaryStandardName} ,
	  			new_salary_sum =#{ newSalarySum} ,change_reason =#{ changeReason} ,check_reason =#{ checkReason} ,check_status =#{ checkStatus}	 ,register = #{ register},
	  			checker =#{ checker} ,regist_time = #{ registTime},check_time =#{ checkTime}
  			
  			where  mch_id = #{mchId}
  		</update>
  </mapper>